experiment,method,n,rouge1,rouge2,rougeL,rougeLsum,coverage,redundancy,compression,latency_ms,rouge1_ci_low,rouge1_ci_high,latency_p95_ms,peak_memory_kb,delta_rouge1,p_value_rouge1
Lead-3,lead,1000,0.40583,0.176981,0.251381,0.366402,0.544885,0.068321,0.148093,2.651935,0.399405,0.412569,5.212,,,
TextRank,textrank,1000,0.361483,0.144266,0.23182,0.324763,0.60838,0.20093,0.159897,3.391184,0.354228,0.368286,7.078,,-0.04434695276330436,1.0
TextRank (cosine),textrank,1000,0.361899,0.14431,0.233739,0.325508,0.597133,0.225583,0.144478,4.062585,0.355175,0.368706,8.249,,-0.04393070287725931,1.0
TextRank + MMR,textrank,1000,0.369349,0.147964,0.232824,0.332343,0.62801,0.134489,0.16305,4.401144,0.362674,0.376137,10.134,,-0.03648039069768427,1.0
TextRank + position,textrank,1000,0.381231,0.159141,0.243778,0.343255,0.599244,0.199086,0.158021,3.384566,0.374344,0.387731,7.045,,-0.02459845556491541,1.0
TextRank + position + MMR,textrank,1000,0.393179,0.167147,0.248669,0.354853,0.619612,0.124962,0.161763,4.436057,0.386471,0.399756,10.086,,-0.012650495202015,1.0
TextRank (lemma),textrank,1000,0.36031,0.142703,0.229499,0.323315,0.608929,0.200368,0.159904,3.027754,0.352951,0.366954,6.367,,-0.04551909198144072,1.0
TextRank (no normalization),textrank,1000,0.362396,0.144989,0.233182,0.325946,0.591504,0.188901,0.15793,2.7246,0.355292,0.368947,5.657,,-0.04343398500512763,1.0
TextRank (keep stopwords),textrank,1000,0.338166,0.123919,0.212222,0.301456,0.681179,0.221325,0.179532,3.469947,0.331228,0.344982,7.816,,-0.06766312956904574,1.0
LexRank (continuous),lexrank,1000,0.361899,0.14431,0.233739,0.325508,0.597133,0.225583,0.144478,3.839494,0.355175,0.368706,8.466,,-0.04393070287725931,1.0
LexRank + position,lexrank,1000,0.375769,0.14973,0.237855,0.338692,0.584699,0.168769,0.143081,3.989011,0.36819,0.382497,8.234,,-0.03006012498461874,1.0
TF-IDF centroid (cosine),tfidf,1000,0.354658,0.138328,0.2294,0.318953,0.587252,0.233219,0.142966,3.138616,0.347595,0.361109,6.373,,-0.05117182415915544,1.0
TF-IDF centroid + position,tfidf,1000,0.372406,0.153858,0.236253,0.334612,0.602148,0.200275,0.165889,3.077858,0.365418,0.378857,6.318,,-0.03342401575270526,1.0
"LSA (TF-IDF, all topics)",lsa,1000,0.286603,0.090071,0.172729,0.254098,0.56131,0.054955,0.201095,6.305935,0.280567,0.29292,19.326,,-0.11922701360607246,1.0
TextRank (min 8 words),textrank,1000,0.361218,0.144133,0.231591,0.324571,0.608598,0.200524,0.160217,3.388071,0.354044,0.367956,7.103,,-0.04461208176104303,1.0
